Year,Location,Variant,Fuel,KM driven,count,mean
2000,Nagpur,lxi,petrol,80000,1,90000.0
2000,Thane,zxi,diesel,100000,1,19786.0
2001,Jalgaon,ax minor,lpg,190000,1,90000.0
2002,Nagpur,lxi,petrol,109000,1,80000.0
2003,Aurangabad,lxi,lpg,100000,1,65000.0
2003,Nagpur,vxi,petrol,120000,1,70000.0
2003,Pune,vxi,petrol,80000,1,67000.0
2003,Satara,lxi,petrol,80000,1,80000.0
2004,Amravati,ax minor,petrol,96000,1,55000.0
2004,Amravati,lxi,petrol,10000,1,85000.0
2004,Aurangabad,vxi,petrol,60000,1,60000.0
2004,Mumbai,vxi,petrol,100000,1,65000.0
2004,Nagpur,vxi,petrol,62000,1,80000.0
2004,Nashik,vxi,petrol,86000,1,75000.0
2004,Ratnagiri,vxi,petrol,125000,1,130000.0
2005,Ahmednagar,lxi,petrol,88000,1,90000.0
2005,Aurangabad,ax minor,petrol,5000,1,72000.0
2005,Aurangabad,lxi,petrol,100000,1,50000.0
2005,Mumbai,lxi,cng,50000,1,77000.0
2005,Mumbai,vxi,petrol,850000,1,80000.0
2005,Nashik,lxi,petrol,80000,1,80000.0
2005,Pune,lxi,petrol,100000,1,75000.0
2005,Pune,vxi,petrol,75000,1,145000.0
2005,Thane,ax minor,cng,100000,1,30000.0
2005,Thane,lxi,petrol,69000,1,104000.0
2006,Akola,ax minor,petrol,40000,1,70000.0
2006,Amravati,lxi,petrol,80000,1,110000.0
2006,Jalgaon,lxi,petrol,153000,1,111000.0
2006,Jalna,vxi,petrol,80000,1,75000.0
2006,Kolhapur,lxi,petrol,120000,1,100000.0
2006,Latur,vxi,petrol,50000,1,100000.0
2006,Mumbai,vxi,petrol,55000,1,60000.0
2006,Mumbai,vxi,petrol,84000,1,79000.0
2006,Nagpur,lxi,petrol,64000,1,95000.0
2006,Nagpur,lxi,petrol,69000,1,90000.0
2006,Nagpur,lxi,petrol,90000,1,60000.0
2006,Nanded,vxi,petrol,140000,1,80000.0
2006,Nashik,lx minor,petrol,153000,2,99000.0
2006,Nashik,lxi,petrol,88000,1,120000.0
2006,Pune,lxi,cng,68000,1,150000.0
2006,Pune,lxi,petrol,48000,1,140000.0
2006,Pune,lxi,petrol,90000,1,80000.0
2006,Raigad,vxi,petrol,60000,1,60000.0
2006,Ratnagiri,ax minor,petrol,93000,1,150000.0
2006,Thane,vxi,cng,75000,1,75000.0
2006,Wardha,ax minor,petrol,115000,1,100000.0
2006,Wardha,lxi,petrol,80000,1,100000.0
2007,Ahmednagar,lxi,petrol,220000,1,122000.0
2007,Ahmednagar,vxi,lpg,125000,1,87000.0
2007,Amravati,lx minor,lpg,83000,1,95000.0
2007,Amravati,zxi,petrol,1000,1,65000.0
2007,Aurangabad,lxi,cng,1000,1,96000.0
2007,Aurangabad,lxi,lpg,83000,1,80000.0
2007,Aurangabad,vxi,petrol,90000,1,95000.0
2007,Jalgaon,lxi,lpg,66000,1,110000.0
2007,Jalgaon,vxi,lpg,160000,1,75000.0
2007,Jalgaon,vxi,petrol,103000,1,85000.0
2007,Kolhapur,lxi,petrol,100000,1,130000.0
2007,Kolhapur,vxi,petrol,130000,1,150000.0
2007,Mumbai,lxi,cng,90000,1,90000.0
2007,Mumbai,lxi,petrol,75000,1,85000.0
2007,Mumbai,lxi,petrol,100000,1,118000.0
2007,Mumbai,vxi,cng,72000,1,110000.0
2007,Mumbai,vxi,cng,75000,1,110000.0
2007,Mumbai,vxi,petrol,26000,1,105000.0
2007,Nagpur,vxi,petrol,79000,2,150000.0
2007,Nashik,lxi,petrol,67000,1,145000.0
2007,Pune,lxi,lpg,1000,1,82000.0
2007,Pune,lxi,lpg,60000,1,121000.0
2007,Pune,lxi,petrol,70000,1,170000.0
2007,Pune,lxi,petrol,87000,1,107000.0
2007,Pune,lxi,petrol,97000,1,89000.0
2007,Pune,lxi,petrol,102000,1,125000.0
2007,Pune,vxi,cng,150000,1,180000.0
2007,Pune,vxi,cng,200000,1,120000.0
2007,Ratnagiri,lxi,petrol,44000,1,112000.0
2007,Sangli,lxi,lpg,83000,1,100000.0
2007,Satara,vxi,petrol,70000,1,90000.0
2007,Satara,vxi,petrol,99000,1,125000.0
2007,Solapur,vxi,cng,100000,1,130000.0
2007,Thane,lxi,petrol,51000,1,100000.0
2007,Wardha,lxi,petrol,180000,1,90000.0
2007,Yavatmal,lxi,lpg,51000,1,110000.0
2008,Ahmednagar,lxi,cng,148000,1,135000.0
2008,Akola,vxi,petrol,41000,1,110000.0
2008,Aurangabad,lxi,lpg,119000,1,110000.0
2008,Aurangabad,lxi,petrol,85000,1,99000.0
2008,Beed,ax minor,lpg,100000,1,115000.0
2008,Beed,vxi,cng,1000,1,60000.0
2008,Kolhapur,ax minor,petrol,64000,1,110000.0
2008,Kolhapur,lxi,petrol,91000,1,138000.0
2008,Kolhapur,vxi,petrol,89000,1,110000.0
2008,Mumbai,ax minor,petrol,80000,1,95000.0
2008,Mumbai,lxi,petrol,78000,1,80000.0
2008,Nagpur,lx minor,petrol,85000,1,115000.0
2008,Nashik,lxi,petrol,66000,1,150000.0
2008,Nashik,vxi,lpg,82000,1,75000.0
2008,Nashik,vxi,petrol,105000,1,110000.0
2008,Parbhani,lxi,petrol,60000,1,90000.0
2008,Pune,ax minor,petrol,20000,1,140000.0
2008,Pune,lxi,cng,215000,1,110000.0
2008,Pune,lxi,petrol,69000,1,125000.0
2008,Pune,lxi,petrol,70000,1,160000.0
2008,Pune,lxi,petrol,108000,1,75000.0
2008,Pune,vxi,petrol,77000,1,150000.0
2008,Pune,vxi,petrol,125000,1,130000.0
2008,Ratnagiri,lxi,petrol,120000,1,100000.0
2008,Sangli,vxi,petrol,39000,1,140000.0
2008,Satara,lxi,petrol,63000,1,80000.0
2008,Sindhudurg,flex,petrol,900000,1,130000.0
2008,Sindhudurg,lxi,petrol,112000,1,110000.0
2008,Thane,lxi,cng,75000,1,99000.0
2008,Thane,lxi,cng,85000,1,100000.0
2008,Thane,lxi,petrol,34000,1,85000.0
2008,Thane,lxi,petrol,35000,1,100000.0
2008,Wardha,vxi,petrol,97000,1,105000.0
2009,Ahmednagar,ax minor,cng,150000,1,160000.0
2009,Ahmednagar,vxi,petrol,90000,1,139000.0
2009,Akola,vxi,petrol,10000,1,145000.0
2009,Amravati,lxi,petrol,100000,1,130000.0
2009,Amravati,vxi,petrol,50000,1,80000.0
2009,Aurangabad,ax minor,petrol,70000,1,85000.0
2009,Aurangabad,lxi,lpg,140000,1,95000.0
2009,Aurangabad,lxi,petrol,56000,1,200000.0
2009,Aurangabad,lxi,petrol,90000,1,95000.0
2009,Aurangabad,lxi,petrol,210000,1,110000.0
2009,Jalgaon,vxi,petrol,45000,1,110000.0
2009,Kolhapur,vxi,cng,63000,1,165000.0
2009,Kolhapur,vxi,petrol,54000,1,95000.0
2009,Kolhapur,vxi,petrol,72000,1,175000.0
2009,Mumbai,lxi,petrol,53000,1,130000.0
2009,Nagpur,lxi,petrol,77000,1,145000.0
2009,Nagpur,lxi,petrol,79000,1,145000.0
2009,Nashik,lx minor,lpg,100000,1,120000.0
2009,Nashik,lxi,petrol,105000,1,135000.0
2009,Nashik,vxi,cng,95000,1,165000.0
2009,Pune,lxi,cng,116000,1,145000.0
2009,Pune,lxi,cng,129000,1,150000.0
2009,Pune,lxi,lpg,85000,1,95000.0
2009,Pune,lxi,petrol,50000,1,185000.0
2009,Pune,lxi,petrol,55000,2,180000.0
2009,Pune,lxi,petrol,71000,1,145000.0
2009,Pune,vxi,petrol,102000,1,159000.0
2009,Pune,vxi,petrol,123000,1,125000.0
2009,Sangli,lxi,petrol,82000,1,160000.0
2009,Sangli,lxi,petrol,90000,1,95000.0
2009,Sindhudurg,lxi,petrol,60000,1,95000.0
2009,Thane,vxi,petrol,130000,1,150000.0
2009,Wardha,vxi,petrol,12000,1,129000.0
2010,Aurangabad,ax minor,petrol,1000,1,170000.0
2010,Aurangabad,lxi,cng,1000,1,160000.0
2010,Aurangabad,lxi,petrol,110000,1,135000.0
2010,Aurangabad,vxi,cng,52000,1,210000.0
2010,Beed,lxi,petrol,88000,1,80000.0
2010,Beed,lxi,petrol,110000,1,100000.0
2010,Dhule,lxi,lpg,80000,1,150000.0
2010,Dhule,lxi,petrol,120000,1,160000.0
2010,Jalgaon,lxi,petrol,100000,1,210000.0
2010,Jalgaon,vxi,cng,108000,1,130000.0
2010,Jalgaon,vxi,petrol,156000,1,240000.0
2010,Kolhapur,lxi,petrol,98000,1,150000.0
2010,Kolhapur,vxi,petrol,85000,1,185000.0
2010,Latur,lxi,petrol,180000,1,170000.0
2010,Mumbai,lxi,cng,76000,1,199999.0
2010,Mumbai,lxi,petrol,38000,1,188000.0
2010,Mumbai,lxi,petrol,43000,1,200000.0
2010,Mumbai,lxi,petrol,61000,1,171000.0
2010,Mumbai,lxi,petrol,70000,1,155000.0
2010,Mumbai,vxi,cng,75000,1,150000.0
2010,Nagpur,lxi,petrol,50000,1,170000.0
2010,Nagpur,lxi,petrol,55000,2,165000.0
2010,Nagpur,lxi,petrol,59000,2,165000.0
2010,Nagpur,vxi,petrol,66000,2,175000.0
2010,Nanded,lxi,lpg,80000,1,130000.0
2010,Nashik,lx minor,petrol,50000,1,130000.0
2010,Nashik,lxi,lpg,25000,1,185000.0
2010,Nashik,lxi,lpg,65000,1,150000.0
2010,Nashik,lxi,lpg,80000,1,150000.0
2010,Nashik,lxi,petrol,72000,1,185000.0
2010,Nashik,lxi,petrol,75000,1,150000.0
2010,Nashik,lxi,petrol,228000,1,140000.0
2010,Nashik,vxi,petrol,156000,2,240000.0
2010,Pune,vxi,petrol,62000,1,185000.0
2010,Ratnagiri,lxi,cng,81000,1,175000.0
2010,Ratnagiri,lxi,cng,92000,1,120000.0
2010,Ratnagiri,lxi,petrol,39000,1,160000.0
2010,Ratnagiri,lxi,petrol,92000,1,140000.0
2010,Sangli,lxi,petrol,65000,1,275000.0
2010,Sangli,lxi,petrol,120000,1,185000.0
2010,Satara,ax minor,petrol,85000,1,145000.0
2010,Thane,lxi,cng,70000,1,180000.0
2010,Thane,lxi,petrol,121000,1,145000.0
2010,Thane,vxi,cng,80000,1,159000.0
2010,Thane,vxi,petrol,39000,2,215000.0
2010,Thane,vxi,petrol,50000,1,125000.0
2010,Thane,vxi,petrol,65000,1,92000.0
2011,Ahmednagar,vxi,cng,97000,1,200000.0
2011,Akola,lxi,petrol,62000,1,171000.0
2011,Akola,lxi,petrol,85000,1,199999.0
2011,Amravati,ax minor,petrol,800000,1,195000.0
2011,Amravati,lxi,petrol,110000,1,260000.0
2011,Amravati,lxi,petrol,112000,1,195000.0
2011,Aurangabad,lxi,petrol,75000,1,170000.0
2011,Aurangabad,vxi,petrol,155000,1,210000.0
2011,Bhandara,lxi,petrol,90000,1,170000.0
2011,Dhule,lxi,lpg,1000,1,150000.0
2011,Jalgaon,vxi,petrol,44000,1,175000.0
2011,Kolhapur,lxi,petrol,80000,2,255000.0
2011,Kolhapur,vxi,cng,47000,1,265000.0
2011,Kolhapur,vxi,petrol,49000,1,260000.0
2011,Kolhapur,vxi,petrol,74000,1,265000.0
2011,Kolhapur,vxi,petrol,86000,1,156000.0
2011,Mumbai,lxi,cng,65000,1,215000.0
2011,Mumbai,lxi,cng,70000,1,140000.0
2011,Mumbai,lxi,cng,83000,1,215000.0
2011,Mumbai,lxi,cng,96000,1,150000.0
2011,Mumbai,lxi,cng,137000,1,230000.0
2011,Mumbai,lxi,petrol,31000,5,199000.0
2011,Mumbai,lxi,petrol,88000,1,225000.0
2011,Mumbai,lxi,petrol,90000,1,195000.0
2011,Mumbai,vxi,petrol,38000,1,200000.0
2011,Mumbai,vxi,petrol,62000,1,210000.0
2011,Mumbai,vxi,petrol,72000,2,165000.0
2011,Mumbai,vxi,petrol,85000,2,215000.0
2011,Nagpur,lxi,petrol,70000,3,239000.0
2011,Nagpur,lxi,petrol,73000,1,210000.0
2011,Nagpur,lxi,petrol,75000,2,239000.0
2011,Nashik,vxi,petrol,75000,1,260000.0
2011,Nashik,vxi,petrol,83000,1,285000.0
2011,Pune,ax minor,cng,184000,1,221000.0
2011,Pune,ax minor,petrol,114000,1,180000.0
2011,Pune,lxi,cng,88000,1,236500.0
2011,Pune,lxi,cng,90000,2,247500.0
2011,Pune,lxi,cng,150000,1,225000.0
2011,Pune,lxi,petrol,49000,1,260000.0
2011,Pune,lxi,petrol,55000,1,199000.0
2011,Pune,lxi,petrol,59000,1,235000.0
2011,Pune,lxi,petrol,62000,1,225000.0
2011,Pune,vxi,cng,63000,1,199000.0
2011,Pune,vxi,petrol,41000,1,225000.0
2011,Pune,vxi,petrol,74000,1,210000.0
2011,Pune,vxi,petrol,99000,1,225000.0
2011,Pune,vxi,petrol,108000,1,185000.0
2011,Raigad,vxi,petrol,58000,1,190000.0
2011,Raigad,vxi,petrol,62000,1,211000.0
2011,Ratnagiri,lxi,petrol,102000,1,230000.0
2011,Sangli,lxi,cng,82000,1,280000.0
2011,Sangli,lxi,cng,100000,1,220000.0
2011,Sangli,lxi,petrol,53000,1,275000.0
2011,Sangli,lxi,petrol,60000,2,260000.0
2011,Satara,lxi,petrol,95000,1,220000.0
2011,Satara,lxi,petrol,96000,1,199000.0
2011,Sindhudurg,lxi,petrol,80000,1,190000.0
2011,Solapur,lxi,cng,100000,1,220000.0
2011,Thane,ax minor,cng,93000,1,251000.0
2011,Thane,lxi,cng,112000,1,172000.0
2011,Thane,lxi,cng,156000,1,160000.0
2011,Thane,vxi,petrol,64000,1,190000.0
2011,Thane,vxi,petrol,72000,2,165000.0
2011,Wardha,lxi,petrol,55000,1,200000.0
2012,Akola,vxi,petrol,60000,1,210000.0
2012,Amravati,vxi,petrol,67000,1,270000.0
2012,Aurangabad,lxi,cng,75000,1,210000.0
2012,Aurangabad,lxi,petrol,90000,1,220000.0
2012,Aurangabad,vxi,cng,100000,1,210000.0
2012,Buldhana,vxi,petrol,112000,1,260000.0
2012,Chandrapur,vxi,petrol,100000,1,190000.0
2012,Dhule,vxi,cng,89000,1,301000.0
2012,Jalgaon,lxi,petrol,94000,1,210000.0
2012,Jalgaon,lxi,petrol,110000,1,200000.0
2012,Jalgaon,vxi,petrol,82000,1,221000.0
2012,Kolhapur,lxi,cng,68000,1,260000.0
2012,Kolhapur,lxi,cng,85000,1,290000.0
2012,Kolhapur,lxi,lpg,82000,2,320000.0
2012,Kolhapur,lxi,petrol,40000,2,295000.0
2012,Kolhapur,vxi,cng,77000,1,370000.0
2012,Kolhapur,vxi,cng,110000,1,250000.0
2012,Kolhapur,vxi,petrol,35000,1,309000.0
2012,Kolhapur,vxi,petrol,58000,1,320000.0
2012,Kolhapur,vxi,petrol,59000,1,240000.0
2012,Kolhapur,vxi,petrol,60000,3,293333.3333333333
2012,Kolhapur,vxi,petrol,63000,1,290000.0
2012,Kolhapur,vxi,petrol,84000,1,265000.0
2012,Mumbai,lxi,cng,64000,1,240000.0
2012,Mumbai,lxi,cng,66000,1,251000.0
2012,Mumbai,lxi,cng,70000,1,299999.0
2012,Mumbai,lxi,petrol,37000,1,225000.0
2012,Mumbai,lxi,petrol,49000,1,220000.0
2012,Mumbai,lxi,petrol,72000,1,225000.0
2012,Mumbai,lxi,petrol,81000,1,200000.0
2012,Mumbai,vxi,petrol,31000,1,215000.0
2012,Mumbai,vxi,petrol,36000,2,265000.0
2012,Mumbai,vxi,petrol,53000,1,225000.0
2012,Mumbai,vxi,petrol,58000,1,200000.0
2012,Nagpur,lxi,petrol,56000,1,285000.0
2012,Nagpur,lxi,petrol,61000,1,220000.0
2012,Nagpur,lxi,petrol,62000,1,150000.0
2012,Nagpur,vxi,petrol,55000,2,240000.0
2012,Nashik,lxi,cng,32000,1,311000.0
2012,Nashik,lxi,cng,35000,2,235000.0
2012,Nashik,lxi,cng,64000,1,290000.0
2012,Nashik,lxi,cng,70000,1,295000.0
2012,Nashik,lxi,cng,85000,1,190000.0
2012,Nashik,lxi,cng,100000,1,299000.0
2012,Nashik,lxi,petrol,62000,1,225000.0
2012,Nashik,lxi,petrol,92000,1,260000.0
2012,Nashik,lxi,petrol,99000,1,200000.0
2012,Nashik,lxi,petrol,162000,1,210000.0
2012,Nashik,vxi,petrol,85000,1,255000.0
2012,Pune,lxi,cng,68000,2,197500.0
2012,Pune,lxi,cng,75000,2,284500.0
2012,Pune,lxi,cng,96000,1,270000.0
2012,Pune,lxi,cng,106000,1,250000.0
2012,Pune,lxi,cng,110000,1,239000.0
2012,Pune,lxi,cng,118000,1,335000.0
2012,Pune,lxi,cng,121000,1,285000.0
2012,Pune,lxi,cng,150000,1,250000.0
2012,Pune,lxi,petrol,44000,1,250000.0
2012,Pune,lxi,petrol,71000,1,250000.0
2012,Pune,vxi,petrol,48000,1,250000.0
2012,Pune,vxi,petrol,52000,1,260000.0
2012,Pune,vxi,petrol,74000,2,280000.0
2012,Raigad,lxi,cng,63000,1,220000.0
2012,Raigad,lxi,petrol,78000,1,180000.0
2012,Ratnagiri,lx minor,cng,56000,2,270000.0
2012,Ratnagiri,vxi,cng,106000,1,200000.0
2012,Sangli,ax minor,petrol,114000,1,200000.0
2012,Sangli,lxi,cng,104000,1,220000.0
2012,Satara,lxi,cng,110000,1,270000.0
2012,Satara,vxi,petrol,66000,1,150000.0
2012,Satara,vxi,petrol,138000,1,310000.0
2012,Sindhudurg,vxi,petrol,42000,1,240000.0
2012,Thane,lxi,cng,56000,3,220000.0
2012,Thane,lxi,cng,62000,1,298000.0
2012,Thane,lxi,cng,63000,1,275000.0
2012,Thane,lxi,cng,64000,2,260000.0
2012,Thane,lxi,cng,65000,1,275000.0
2012,Thane,lxi,cng,75000,2,273000.0
2012,Thane,lxi,cng,78000,1,215000.0
2012,Thane,lxi,cng,91000,1,230000.0
2012,Thane,lxi,cng,137000,1,219000.0
2012,Thane,lxi,cng,179000,1,170000.0
2012,Thane,vxi,cng,52000,1,289000.0
2012,Thane,vxi,cng,62000,1,285000.0
2012,Thane,vxi,cng,65000,1,285000.0
2012,Thane,vxi,petrol,63000,1,218000.0
2012,Washim,lxi,lpg,111000,1,195000.0
2012,Yavatmal,vxi,petrol,62000,1,220000.0
2013,Ahmednagar,lxi,petrol,125000,1,280000.0
2013,Amravati,lxi,petrol,99000,1,285000.0
2013,Aurangabad,lxi,cng,65000,1,255000.0
2013,Aurangabad,lxi,petrol,35000,1,298000.0
2013,Aurangabad,lxi,petrol,64000,1,265000.0
2013,Aurangabad,vxi,petrol,75000,1,252000.0
2013,Aurangabad,vxi,petrol,78000,1,295000.0
2013,Chandrapur,vxi,petrol,85000,1,230000.0
2013,Jalgaon,vxi,petrol,47000,2,325000.0
2013,Kolhapur,lxi,cng,92000,1,325000.0
2013,Kolhapur,lxi,cng,94000,1,335000.0
2013,Kolhapur,lxi,petrol,86000,1,240000.0
2013,Kolhapur,lxi,petrol,93000,2,315000.0
2013,Kolhapur,lxi,petrol,97000,1,275000.0
2013,Kolhapur,vxi,lpg,72000,1,315000.0
2013,Kolhapur,vxi,petrol,1000,1,355000.0
2013,Kolhapur,vxi,petrol,32000,1,320000.0
2013,Kolhapur,vxi,petrol,49000,1,299000.0
2013,Kolhapur,vxi,petrol,58000,1,300000.0
2013,Kolhapur,vxi,petrol,76000,1,320000.0
2013,Kolhapur,vxi,petrol,86000,2,300500.0
2013,Latur,lxi,cng,100000,1,220000.0
2013,Mumbai,lxi,cng,34000,1,320000.0
2013,Mumbai,lxi,cng,49000,1,249000.0
2013,Mumbai,lxi,cng,65000,1,150000.0
2013,Mumbai,lxi,cng,70000,1,265000.0
2013,Mumbai,lxi,cng,71000,1,260000.0
2013,Mumbai,lxi,cng,75000,2,282500.0
2013,Mumbai,lxi,cng,150000,1,230000.0
2013,Mumbai,lxi,petrol,15000,1,299999.0
2013,Mumbai,lxi,petrol,48000,1,275000.0
2013,Mumbai,lxi,petrol,57000,1,320000.0
2013,Mumbai,lxi,petrol,65000,2,315000.0
2013,Mumbai,lxi,petrol,80000,2,225000.0
2013,Mumbai,vxi,cng,71000,1,255000.0
2013,Nagpur,lxi,petrol,39000,1,260000.0
2013,Nagpur,lxi,petrol,41000,2,270000.0
2013,Nagpur,vxi,petrol,30000,1,310000.0
2013,Nagpur,vxi,petrol,65000,1,280000.0
2013,Nandurbar,vxi,cng,93000,1,170000.0
2013,Nashik,lxi,cng,65000,1,320000.0
2013,Nashik,lxi,cng,90000,2,325000.0
2013,Nashik,lxi,cng,108000,1,295000.0
2013,Nashik,lxi,petrol,1000,1,290000.0
2013,Nashik,lxi,petrol,75000,2,294500.0
2013,Nashik,vxi,petrol,31000,1,300000.0
2013,Nashik,vxi,petrol,47000,2,321000.0
2013,Nashik,vxi,petrol,58000,1,315000.0
2013,Nashik,vxi,petrol,68000,1,341000.0
2013,Nashik,vxi,petrol,83000,1,295000.0
2013,Osmanabad,lxi,cng,120000,1,340000.0
2013,Osmanabad,lxi,petrol,116000,1,260000.0
2013,Palghar,lxi,cng,125000,1,295000.0
2013,Pune,lxi,cng,54000,1,325000.0
2013,Pune,lxi,cng,55000,1,325000.0
2013,Pune,lxi,cng,56000,1,331000.0
2013,Pune,lxi,cng,73000,1,275000.0
2013,Pune,lxi,cng,100000,1,225000.0
2013,Pune,lxi,cng,135000,1,185000.0
2013,Pune,lxi,petrol,60000,1,270000.0
2013,Pune,lxi,petrol,61000,1,310000.0
2013,Pune,vxi,cng,85000,1,300000.0
2013,Pune,vxi,cng,93000,1,280000.0
2013,Pune,vxi,petrol,18000,1,325000.0
2013,Pune,vxi,petrol,52000,1,253000.0
2013,Pune,vxi,petrol,58000,1,195000.0
2013,Pune,vxi,petrol,61000,1,314000.0
2013,Raigad,lxi,cng,60000,1,300000.0
2013,Ratnagiri,lxi,cng,84000,1,320000.0
2013,Ratnagiri,lxi,cng,115000,1,265000.0
2013,Ratnagiri,lxi,petrol,95000,2,270000.0
2013,Sangli,lxi,lpg,61000,1,310000.0
2013,Sangli,lxi,petrol,37000,1,290000.0
2013,Sangli,vxi,petrol,49000,1,325000.0
2013,Sangli,vxi,petrol,150000,1,225000.0
2013,Satara,vxi,petrol,85000,1,270000.0
2013,Sindhudurg,lxi,cng,87000,1,275000.0
2013,Sindhudurg,lxi,petrol,100000,1,225000.0
2013,Sindhudurg,vxi,petrol,92000,1,230000.0
2013,Thane,lxi,cng,15000,1,300000.0
2013,Thane,lxi,cng,55000,1,300000.0
2013,Thane,lxi,cng,68000,3,235000.0
2013,Thane,lxi,cng,69000,1,230000.0
2013,Thane,lxi,cng,75000,2,247500.0
2013,Thane,lxi,cng,90000,1,250000.0
2013,Thane,lxi,cng,97000,1,285000.0
2013,Thane,lxi,cng,100000,1,230000.0
2013,Thane,lxi,cng,138000,1,260000.0
2013,Thane,lxi,petrol,45000,1,400000.0
2013,Thane,vxi,cng,39000,1,230000.0
2013,Thane,vxi,cng,91000,1,255000.0
2013,Thane,vxi,petrol,63000,1,250000.0
2013,Wardha,vxi,petrol,101000,1,230000.0
2014,Ahmednagar,lxi,cng,88000,1,299000.0
2014,Ahmednagar,lxi,cng,120000,1,265000.0
2014,Ahmednagar,lxi,petrol,90000,1,321000.0
2014,Ahmednagar,lxi,petrol,100000,1,315000.0
2014,Akola,vxi,petrol,42000,1,298000.0
2014,Amravati,vxi,petrol,114000,1,225000.0
2014,Aurangabad,lxi,cng,71000,1,325000.0
2014,Aurangabad,lxi,cng,107000,1,325000.0
2014,Aurangabad,vxi,petrol,75000,1,277786.0
2014,Aurangabad,vxi,petrol,89000,1,295000.0
2014,Chandrapur,vxi,petrol,38000,1,285000.0
2014,Dhule,vxi,petrol,10000,1,315000.0
2014,Jalgaon,lxi,petrol,45000,1,280000.0
2014,Jalgaon,vxi,petrol,17000,2,361000.0
2014,Jalgaon,vxi,petrol,24000,2,350000.0
2014,Kolhapur,lxi,cng,29000,1,335000.0
2014,Kolhapur,lxi,cng,55000,1,360000.0
2014,Kolhapur,lxi,cng,92000,1,310000.0
2014,Kolhapur,lxi,petrol,69000,1,300000.0
2014,Kolhapur,vxi,cng,103000,1,350000.0
2014,Kolhapur,vxi,petrol,64000,1,356000.0
2014,Kolhapur,vxi,petrol,71000,1,335000.0
2014,Kolhapur,vxi,petrol,75000,1,380000.0
2014,Kolhapur,vxi,petrol,76000,1,375000.0
2014,Latur,lxi,cng,95000,1,280000.0
2014,Mumbai,lxi,cng,57000,2,242500.0
2014,Mumbai,lxi,cng,63000,1,299000.0
2014,Mumbai,lxi,cng,70000,1,280000.0
2014,Mumbai,lxi,cng,83000,1,350000.0
2014,Mumbai,lxi,cng,86000,1,290000.0
2014,Mumbai,lxi,cng,89000,1,215000.0
2014,Mumbai,lxi,petrol,89000,1,249000.0
2014,Mumbai,lxi,petrol,92000,1,280000.0
2014,Mumbai,lxi,petrol,110000,1,275000.0
2014,Mumbai,lxi,petrol,132000,2,281000.0
2014,Mumbai,vxi,petrol,4000,1,250000.0
2014,Mumbai,vxi,petrol,18000,1,300000.0
2014,Mumbai,vxi,petrol,24000,1,285000.0
2014,Mumbai,vxi,petrol,28000,1,255000.0
2014,Mumbai,vxi,petrol,32000,1,300000.0
2014,Mumbai,vxi,petrol,49000,1,269000.0
2014,Mumbai,vxi,petrol,78000,1,245000.0
2014,Nagpur,lxi,petrol,87000,1,290000.0
2014,Nagpur,vxi,petrol,46000,1,325000.0
2014,Nagpur,vxi,petrol,50000,1,315000.0
2014,Nagpur,vxi,petrol,56000,1,290000.0
2014,Nagpur,vxi,petrol,112000,1,350000.0
2014,Nashik,lxi,cng,59000,1,350000.0
2014,Nashik,vxi,petrol,17000,3,357000.0
2014,Nashik,vxi,petrol,24000,4,349000.0
2014,Nashik,vxi,petrol,65000,1,350000.0
2014,Nashik,vxi,petrol,74000,2,375000.0
2014,Nashik,vxi,petrol,77000,1,375000.0
2014,Nashik,vxi,petrol,78000,1,365000.0
2014,Nashik,vxi,petrol,81000,2,365000.0
2014,Nashik,vxi,petrol,96000,2,365000.0
2014,Pune,lxi,cng,85000,2,265000.0
2014,Pune,lxi,cng,95000,1,315000.0
2014,Pune,lxi,cng,96000,1,335000.0
2014,Pune,lxi,cng,97000,1,250000.0
2014,Pune,lxi,cng,101000,1,244999.0
2014,Pune,lxi,cng,102000,1,325000.0
2014,Pune,lxi,cng,112000,1,325000.0
2014,Pune,lxi,cng,123000,1,295000.0
2014,Pune,lxi,cng,210000,1,295000.0
2014,Pune,lxi,petrol,44000,1,295000.0
2014,Pune,lxi,petrol,71000,1,271000.0
2014,Pune,vxi,petrol,116000,1,325000.0
2014,Raigad,lxi,cng,83000,1,290000.0
2014,Raigad,lxi,petrol,49000,2,305000.0
2014,Ratnagiri,lxi,cng,87000,1,297000.0
2014,Ratnagiri,vxi,cng,140000,1,295000.0
2014,Sangli,lxi,cng,95000,1,290000.0
2014,Sangli,lxi,cng,98000,1,310000.0
2014,Sangli,lxi,petrol,87000,1,325000.0
2014,Sangli,vxi,petrol,80000,1,325000.0
2014,Satara,lxi,cng,61000,1,300000.0
2014,Sindhudurg,lxi,cng,106000,1,280000.0
2014,Thane,lxi,cng,1000,1,235000.0
2014,Thane,lxi,cng,63000,1,289000.0
2014,Thane,lxi,cng,64000,3,296666.6666666667
2014,Thane,lxi,cng,65000,3,301333.3333333333
2014,Thane,lxi,cng,68000,2,272000.0
2014,Thane,lxi,cng,69000,1,315000.0
2014,Thane,lxi,cng,72000,1,339999.0
2014,Thane,lxi,cng,73000,3,260000.0
2014,Thane,lxi,cng,74000,1,275000.0
2014,Thane,lxi,cng,80000,2,237500.0
2014,Thane,lxi,cng,83000,1,250000.0
2014,Thane,lxi,cng,85000,1,275000.0
2014,Thane,lxi,cng,89000,1,305000.0
2014,Thane,lxi,cng,94000,1,290000.0
2014,Thane,lxi,cng,100000,1,300000.0
2014,Thane,lxi,cng,112000,1,275000.0
2014,Thane,lxi,cng,120000,1,260000.0
2014,Thane,lxi,cng,124000,1,299000.0
2014,Thane,lxi,cng,210000,1,290000.0
2014,Thane,lxi,cng,650000,1,325000.0
2014,Thane,lxi,petrol,78000,1,290000.0
2014,Thane,vxi,petrol,24000,1,295000.0
2014,Thane,zxi,cng,75000,1,250000.0
2015,Aurangabad,lxi,cng,88000,1,325000.0
2015,Aurangabad,vxi,petrol,34000,1,325000.0
2015,Bhandara,vxi,petrol,92000,1,330000.0
2015,Dhule,lxi,cng,70000,1,270000.0
2015,Jalgaon,lxi,petrol,84000,1,290000.0
2015,Jalgaon,lxi,petrol,90000,1,300000.0
2015,Jalgaon,lxi,petrol,95000,1,225000.0
2015,Kolhapur,lxi,cng,65000,1,365000.0
2015,Kolhapur,lxi,cng,68000,1,355000.0
2015,Kolhapur,lxi,cng,79000,1,400000.0
2015,Kolhapur,lxi,cng,85000,1,365000.0
2015,Kolhapur,vxi,petrol,34000,2,388000.0
2015,Kolhapur,vxi,petrol,49000,2,367500.0
2015,Kolhapur,vxi,petrol,74000,1,310000.0
2015,Kolhapur,vxi,petrol,76000,1,340000.0
2015,Kolhapur,vxi,petrol,78000,1,370000.0
2015,Kolhapur,vxi,petrol,99000,1,375000.0
2015,Kolhapur,vxi,petrol,100000,2,340000.0
2015,Latur,lxi,cng,114000,1,299000.0
2015,Latur,lxi,cng,120000,1,300000.0
2015,Latur,lxi,petrol,850000,1,250000.0
2015,Mumbai,lxi,cng,31000,1,310000.0
2015,Mumbai,lxi,cng,45000,1,365000.0
2015,Mumbai,lxi,cng,48000,2,319500.0
2015,Mumbai,lxi,cng,72000,1,330000.0
2015,Mumbai,lxi,cng,76000,1,251000.0
2015,Mumbai,lxi,cng,77000,1,270000.0
2015,Mumbai,lxi,cng,85000,2,337777.5
2015,Mumbai,lxi,cng,241000,1,250000.0
2015,Mumbai,vxi,petrol,41000,1,255000.0
2015,Mumbai,vxi,petrol,47000,1,345000.0
2015,Mumbai,vxi,petrol,77000,1,275000.0
2015,Mumbai,vxi,petrol,90000,1,235000.0
2015,Nagpur,lxi,petrol,62000,2,350000.0
2015,Nagpur,pro,petrol,62000,2,335000.0
2015,Nagpur,vxi,petrol,58000,1,321000.0
2015,Nagpur,vxi,petrol,80000,2,335000.0
2015,Nashik,lxi,cng,68000,2,372500.0
2015,Nashik,lxi,cng,70000,1,395000.0
2015,Nashik,lxi,cng,86000,1,300000.0
2015,Nashik,vxi,petrol,75000,1,375000.0
2015,Nashik,vxi,petrol,80000,1,350000.0
2015,Nashik,vxi,petrol,88000,1,325000.0
2015,Pune,lxi,cng,1000,1,320000.0
2015,Pune,lxi,cng,75000,4,365000.0
2015,Pune,lxi,cng,90000,1,375000.0
2015,Pune,lxi,cng,104000,1,349000.0
2015,Pune,lxi,cng,105000,1,350000.0
2015,Pune,lxi,cng,117000,1,390000.0
2015,Pune,lxi,cng,118000,1,270000.0
2015,Pune,lxi,cng,125000,1,350000.0
2015,Pune,lxi,cng,168000,1,210000.0
2015,Pune,lxi,cng,200000,1,380000.0
2015,Pune,lxi,petrol,80000,2,325000.0
2015,Pune,vxi,cng,70000,1,340000.0
2015,Pune,vxi,cng,86000,1,345000.0
2015,Pune,vxi,cng,124000,1,360000.0
2015,Pune,vxi,cng,180000,1,270000.0
2015,Pune,vxi,petrol,69000,2,325000.0
2015,Pune,vxi,petrol,80000,1,325000.0
2015,Pune,vxi,petrol,84000,1,300000.0
2015,Sangli,lxi,cng,65000,3,365000.0
2015,Sangli,vxi,petrol,76000,1,365000.0
2015,Satara,lxi,cng,117000,1,390000.0
2015,Satara,lxi,petrol,117000,1,390000.0
2015,Satara,vxi,petrol,66000,1,349999.0
2015,Thane,lx minor,petrol,160000,1,270000.0
2015,Thane,lxi,cng,20000,1,300000.0
2015,Thane,lxi,cng,23000,1,315000.0
2015,Thane,lxi,cng,25000,1,270000.0
2015,Thane,lxi,cng,45000,2,360000.0
2015,Thane,lxi,cng,52000,1,329999.0
2015,Thane,lxi,cng,72000,1,310000.0
2015,Thane,lxi,cng,75000,1,385000.0
2015,Thane,lxi,cng,78000,1,325000.0
2015,Thane,lxi,cng,80000,1,340000.0
2015,Thane,lxi,cng,81000,1,250000.0
2015,Thane,lxi,cng,85000,2,320000.0
2015,Thane,lxi,cng,90000,1,311000.0
2015,Thane,lxi,cng,115000,1,290000.0
2015,Thane,lxi,cng,129000,1,350000.0
2015,Thane,lxi,petrol,32000,1,339000.0
2015,Thane,vxi,cng,52000,1,325000.0
2015,Thane,vxi,petrol,52000,1,295000.0
2015,Yavatmal,vxi,petrol,53000,1,299999.0
2016,Ahmednagar,lxi,cng,97000,1,411000.0
2016,Ahmednagar,lxi,cng,720000,1,440000.0
2016,Akola,vxi,petrol,121000,1,355000.0
2016,Amravati,lxi,lpg,1000,1,300000.0
2016,Aurangabad,vxi,petrol,87000,1,260000.0
2016,Aurangabad,vxi,petrol,128000,1,340000.0
2016,Chandrapur,vxi,petrol,84000,1,350000.0
2016,Dhule,lxi,petrol,51000,1,285000.0
2016,Jalna,vxi,petrol,67000,1,260000.0
2016,Kolhapur,lxi,petrol,105000,1,325000.0
2016,Kolhapur,vxi,petrol,35000,1,375000.0
2016,Kolhapur,vxi,petrol,49000,1,390000.0
2016,Kolhapur,vxi,petrol,74000,1,380000.0
2016,Kolhapur,vxi,petrol,93000,1,365000.0
2016,Latur,lxi,cng,1000,1,350000.0
2016,Latur,lxi,cng,116000,1,365000.0
2016,Latur,lxi,petrol,105000,1,285000.0
2016,Mumbai,lxi,cng,37000,1,345000.0
2016,Mumbai,lxi,cng,48000,1,349000.0
2016,Mumbai,lxi,cng,59000,1,285000.0
2016,Mumbai,lxi,cng,68000,1,380000.0
2016,Mumbai,lxi,cng,73000,2,270005.5
2016,Mumbai,lxi,cng,75000,1,225000.0
2016,Mumbai,lxi,cng,81000,1,234000.0
2016,Mumbai,lxi,cng,83000,1,280000.0
2016,Mumbai,lxi,cng,133000,1,350000.0
2016,Mumbai,lxi,petrol,20000,1,215000.0
2016,Mumbai,lxi,petrol,36000,1,365000.0
2016,Mumbai,lxi,petrol,40000,1,345000.0
2016,Mumbai,lxi,petrol,46000,1,375000.0
2016,Mumbai,pro,petrol,39000,1,295000.0
2016,Mumbai,vxi,cng,59000,1,390000.0
2016,Mumbai,vxi,cng,78000,1,240000.0
2016,Mumbai,vxi,cng,95000,1,365000.0
2016,Mumbai,vxi,petrol,28000,1,320000.0
2016,Mumbai,vxi,petrol,54000,2,325000.0
2016,Mumbai,vxi,petrol,59000,2,310000.0
2016,Mumbai,vxi,petrol,75000,1,310000.0
2016,Nagpur,lxi,petrol,42000,7,365000.0
2016,Nagpur,vxi,petrol,32000,1,335000.0
2016,Nanded,lxi,cng,77000,1,345000.0
2016,Nandurbar,lxi,petrol,90000,1,345000.0
2016,Nashik,lxi,cng,15000,1,421000.0
2016,Nashik,lxi,cng,48000,2,451000.0
2016,Nashik,lxi,cng,72000,1,349999.0
2016,Nashik,lxi,cng,82000,1,375000.0
2016,Nashik,lxi,cng,95000,1,330000.0
2016,Nashik,vxi,petrol,43000,1,375000.0
2016,Nashik,vxi,petrol,59000,1,380000.0
2016,Nashik,vxi,petrol,62000,1,421000.0
2016,Nashik,vxi,petrol,67000,2,425000.0
2016,Nashik,vxi,petrol,81000,1,430000.0
2016,Pune,lxi,cng,44000,1,400000.0
2016,Pune,lxi,cng,77000,1,360000.0
2016,Pune,lxi,cng,78000,1,370000.0
2016,Pune,lxi,cng,83000,1,360000.0
2016,Pune,lxi,cng,97000,4,377499.75
2016,Pune,lxi,cng,100000,1,121000.0
2016,Pune,lxi,cng,120000,1,350000.0
2016,Pune,lxi,cng,132000,1,320000.0
2016,Pune,lxi,petrol,78000,1,360000.0
2016,Pune,vxi,cng,20000,1,374000.0
2016,Pune,vxi,cng,56000,3,425000.0
2016,Pune,vxi,cng,65000,1,400000.0
2016,Pune,vxi,cng,77000,1,350000.0
2016,Pune,vxi,petrol,20000,2,375500.0
2016,Pune,vxi,petrol,21000,2,386000.0
2016,Pune,vxi,petrol,22000,2,392500.0
2016,Pune,vxi,petrol,38000,2,365000.0
2016,Pune,vxi,petrol,40000,1,305000.0
2016,Pune,vxi,petrol,41000,2,334000.0
2016,Pune,vxi,petrol,64000,2,395000.0
2016,Pune,vxi,petrol,66000,1,315000.0
2016,Pune,vxi,petrol,85000,1,340000.0
2016,Pune,vxi,petrol,93000,1,325000.0
2016,Sangli,lxi,cng,74000,1,235000.0
2016,Sangli,lxi,cng,82000,1,350000.0
2016,Sangli,lxi,cng,83000,1,340000.0
2016,Sangli,lxi,cng,89000,1,330000.0
2016,Sangli,vxi,petrol,92000,1,350000.0
2016,Satara,lxi,cng,80000,1,355000.0
2016,Satara,vxi,petrol,68000,1,421000.0
2016,Sindhudurg,lxi,cng,104000,1,320000.0
2016,Sindhudurg,vxi,petrol,24000,2,330000.0
2016,Solapur,lxi,petrol,96000,1,325000.0
2016,Thane,lxi,cng,45000,1,375000.0
2016,Thane,lxi,cng,65000,3,315000.0
2016,Thane,lxi,cng,76000,1,325000.0
2016,Thane,lxi,cng,89000,1,265000.0
2016,Thane,lxi,cng,100000,2,175000.0
2016,Thane,lxi,cng,127000,1,300000.0
2016,Thane,lxi,cng,152000,1,99999.0
2016,Thane,lxi,cng,203000,1,140000.0
2016,Thane,lxi,cng,300000,1,100000.0
2016,Thane,lxi,cng,347000,1,90000.0
2016,Thane,lxi,cng,500000,1,145000.0
2016,Thane,lxi,cng,540000,1,165000.0
2016,Thane,lxi,cng,980000,1,280000.0
2016,Thane,lxi,petrol,37000,1,350000.0
2016,Thane,lxi,petrol,88000,1,315000.0
2016,Thane,lxi,petrol,100000,1,90000.0
2016,Thane,vxi,cng,36000,1,315000.0
2016,Thane,vxi,cng,42000,1,389000.0
2016,Thane,vxi,cng,67000,1,345000.0
2016,Thane,vxi,cng,82000,1,410000.0
2016,Thane,vxi,petrol,36000,1,335000.0
2016,Thane,vxi,petrol,48000,1,415000.0
2016,Thane,vxi,petrol,61000,1,345000.0
2016,Thane,vxi,petrol,81000,3,284666.6666666667
2016,Thane,vxi,petrol,178000,1,225000.0
2017,Ahmednagar,lxi,cng,100000,1,380000.0
2017,Ahmednagar,lxi,petrol,100000,1,375000.0
2017,Ahmednagar,vxi,cng,100000,1,380000.0
2017,Aurangabad,lxi,cng,71000,1,339000.0
2017,Jalgaon,vxi,petrol,62000,1,325000.0
2017,Kolhapur,lxi,cng,67000,1,420000.0
2017,Kolhapur,lxi,cng,92000,1,325000.0
2017,Kolhapur,lxi,cng,132000,4,380000.0
2017,Kolhapur,vxi,cng,68000,1,470000.0
2017,Kolhapur,vxi,cng,95000,2,420000.0
2017,Kolhapur,vxi,petrol,57000,1,410000.0
2017,Kolhapur,vxi,petrol,68000,1,470000.0
2017,Kolhapur,vxi,petrol,73000,1,425000.0
2017,Kolhapur,vxi,petrol,79000,1,435000.0
2017,Kolhapur,vxi,petrol,120000,1,415000.0
2017,Latur,lxi,cng,98000,1,310000.0
2017,Mumbai,ax minor,cng,327000,1,99000.0
2017,Mumbai,lxi,cng,72000,1,325000.0
2017,Mumbai,lxi,cng,75000,1,399999.0
2017,Mumbai,lxi,cng,92000,1,275000.0
2017,Mumbai,lxi,cng,300000,1,150000.0
2017,Mumbai,lxi,cng,400000,1,140000.0
2017,Mumbai,lxi,petrol,55000,2,367000.0
2017,Mumbai,pro,cng,123000,1,155999.0
2017,Mumbai,vxi,cng,145000,1,150000.0
2017,Mumbai,vxi,petrol,13000,1,361000.0
2017,Mumbai,vxi,petrol,25000,1,390000.0
2017,Mumbai,vxi,petrol,31000,1,325000.0
2017,Mumbai,vxi,petrol,32000,1,400000.0
2017,Mumbai,vxi,petrol,42000,2,399000.0
2017,Mumbai,vxi,petrol,45000,1,345000.0
2017,Mumbai,vxi,petrol,46000,1,275000.0
2017,Mumbai,vxi,petrol,57000,1,395000.0
2017,Nagpur,lxi,cng,185000,1,170000.0
2017,Nagpur,vxi,petrol,13000,1,500000.0
2017,Nagpur,vxi,petrol,46000,2,392500.0
2017,Nagpur,vxi,petrol,55000,1,340000.0
2017,Nagpur,vxi,petrol,71000,2,390000.0
2017,Nagpur,vxi,petrol,77000,1,325000.0
2017,Nanded,lxi,petrol,72000,1,290000.0
2017,Nashik,lxi,cng,73000,1,355000.0
2017,Nashik,vxi,petrol,25000,1,390000.0
2017,Nashik,vxi,petrol,37000,1,421000.0
2017,Pune,lxi,cng,68000,1,390000.0
2017,Pune,lxi,cng,72000,1,425000.0
2017,Pune,lxi,cng,81000,1,385000.0
2017,Pune,lxi,cng,93000,1,395000.0
2017,Pune,lxi,cng,95000,3,383333.3333333333
2017,Pune,lxi,cng,190000,1,299999.0
2017,Pune,lxi,petrol,92000,1,380000.0
2017,Pune,vxi,cng,60000,1,370000.0
2017,Pune,vxi,petrol,40000,1,375000.0
2017,Pune,vxi,petrol,58000,1,360000.0
2017,Pune,vxi,petrol,74000,1,370000.0
2017,Sangli,lxi,cng,90000,1,250000.0
2017,Sangli,vxi,petrol,57000,1,410000.0
2017,Sangli,vxi,petrol,82000,1,425000.0
2017,Satara,lxi,cng,120000,1,399999.0
2017,Sindhudurg,lxi,petrol,860000,1,378000.0
2017,Solapur,lxi,cng,170000,1,149000.0
2017,Thane,lxi,cng,1000,1,155000.0
2017,Thane,lxi,cng,44000,1,325000.0
2017,Thane,lxi,cng,45000,1,375000.0
2017,Thane,lxi,cng,60000,1,399000.0
2017,Thane,lxi,cng,62000,1,395000.0
2017,Thane,lxi,cng,66000,1,350000.0
2017,Thane,lxi,cng,70000,1,121000.0
2017,Thane,lxi,cng,75000,1,275000.0
2017,Thane,lxi,cng,77000,1,420000.0
2017,Thane,lxi,cng,83000,1,390000.0
2017,Thane,lxi,cng,85000,1,315000.0
2017,Thane,lxi,cng,89000,1,275000.0
2017,Thane,lxi,cng,110000,1,275000.0
2017,Thane,lxi,cng,112000,1,115000.0
2017,Thane,lxi,cng,123000,1,159999.0
2017,Thane,lxi,cng,125000,1,185000.0
2017,Thane,lxi,cng,156000,1,170000.0
2017,Thane,lxi,cng,170000,1,270000.0
2017,Thane,lxi,cng,190000,1,200000.0
2017,Thane,lxi,cng,200000,1,124999.0
2017,Thane,lxi,cng,249000,1,200000.0
2017,Thane,lxi,cng,270000,2,100000.0
2017,Thane,lxi,cng,300000,1,150000.0
2017,Thane,vxi,cng,200000,1,125000.0
2017,Thane,vxi,cng,202000,1,210000.0
2017,Thane,vxi,cng,260000,1,180000.0
2017,Thane,vxi,petrol,19000,1,388000.0
2017,Thane,vxi,petrol,38000,1,375000.0
2017,Thane,vxi,petrol,42000,1,399000.0
2017,Yavatmal,vxi,petrol,75000,1,420000.0
2018,Ahmednagar,vxi,petrol,40000,2,360000.0
2018,Aurangabad,lxi,cng,73000,1,350000.0
2018,Aurangabad,vxi,petrol,36000,1,451000.0
2018,Aurangabad,vxi,petrol,37000,1,450000.0
2018,Aurangabad,vxi,petrol,45000,1,449999.0
2018,Aurangabad,vxi,petrol,86000,1,348000.0
2018,Beed,lxi,petrol,95000,1,290000.0
2018,Kolhapur,vxi,petrol,62000,1,465000.0
2018,Kolhapur,vxi,petrol,65000,3,440000.0
2018,Kolhapur,vxi,petrol,66000,1,470000.0
2018,Kolhapur,vxi,petrol,75000,1,465000.0
2018,Latur,lxi,cng,83000,1,370000.0
2018,Latur,vxi,petrol,86000,1,370000.0
2018,Mumbai,lxi,cng,2000,1,170000.0
2018,Mumbai,lxi,cng,20000,1,160000.0
2018,Mumbai,lxi,cng,25000,1,475000.0
2018,Mumbai,lxi,cng,51000,1,200000.0
2018,Mumbai,lxi,cng,81000,2,370000.0
2018,Mumbai,lxi,cng,118000,1,365000.0
2018,Mumbai,lxi,cng,127000,1,180000.0
2018,Mumbai,lxi,cng,135000,1,220000.0
2018,Mumbai,lxi,cng,180000,1,180000.0
2018,Mumbai,lxi,cng,220000,1,185000.0
2018,Mumbai,lxi,cng,250000,3,183333.33333333334
2018,Mumbai,lxi,petrol,60000,1,349999.0
2018,Mumbai,lxi,petrol,80000,1,365000.0
2018,Nagpur,vxi,petrol,48000,1,399000.0
2018,Nagpur,vxi,petrol,51000,5,390000.0
2018,Nagpur,vxi,petrol,58000,2,425000.0
2018,Nagpur,vxi,petrol,72000,2,460000.0
2018,Nagpur,vxi,petrol,510000,1,390000.0
2018,Nashik,lxi,cng,42000,1,380000.0
2018,Nashik,lxi,cng,57000,1,375000.0
2018,Osmanabad,vxi,cng,72000,1,355000.0
2018,Pune,lxi,cng,1000,1,245000.0
2018,Pune,lxi,cng,56000,1,425000.0
2018,Pune,lxi,cng,63000,1,425000.0
2018,Pune,lxi,cng,70000,1,430000.0
2018,Pune,lxi,cng,75000,1,460000.0
2018,Pune,lxi,cng,80000,2,322500.0
2018,Pune,lxi,cng,83000,1,450000.0
2018,Pune,lxi,cng,85000,2,428750.0
2018,Pune,lxi,cng,90000,1,280000.0
2018,Pune,lxi,cng,150000,1,210000.0
2018,Pune,lxi,cng,275000,1,310000.0
2018,Pune,lxi,cng,323000,1,200000.0
2018,Pune,lxi,petrol,194000,1,250000.0
2018,Pune,vxi,petrol,76000,1,450000.0
2018,Raigad,lxi,cng,58000,1,360000.0
2018,Raigad,lxi,cng,71000,1,400000.0
2018,Ratnagiri,lxi,cng,83000,1,450000.0
2018,Sangli,lxi,cng,82000,1,480000.0
2018,Sangli,vxi,petrol,65000,1,460000.0
2018,Sangli,vxi,petrol,94000,1,425000.0
2018,Satara,lxi,petrol,75000,2,460000.0
2018,Satara,vxi,petrol,76000,4,442500.0
2018,Sindhudurg,vxi,petrol,90000,1,430000.0
2018,Thane,lxi,cng,72000,1,425000.0
2018,Thane,lxi,cng,78000,1,385000.0
2018,Thane,lxi,cng,80000,1,240000.0
2018,Thane,lxi,cng,83000,3,385000.0
2018,Thane,lxi,cng,116000,1,401000.0
2018,Thane,lxi,cng,140000,1,195000.0
2018,Thane,lxi,cng,162000,1,240000.0
2018,Thane,lxi,cng,210000,1,230000.0
2018,Thane,lxi,cng,255000,1,180000.0
2018,Thane,lxi,cng,296000,1,200000.0
2018,Thane,lxi,cng,300000,1,200000.0
2018,Thane,lxi,lpg,300000,1,180000.0
2018,Thane,vxi,cng,1000,1,190000.0
2018,Thane,vxi,cng,65000,1,435000.0
2018,Thane,vxi,petrol,29000,1,360000.0
2019,Gondia,zxi,petrol,58000,1,495000.0
2019,Kolhapur,lxi,cng,30000,2,570000.0
2019,Kolhapur,lxi,cng,85000,1,525000.0
2019,Kolhapur,vxi,petrol,53000,2,495000.0
2019,Kolhapur,vxi,petrol,55000,1,340000.0
2019,Kolhapur,vxi,petrol,69000,1,525000.0
2019,Kolhapur,vxi,petrol,110000,3,498666.6666666667
2019,Kolhapur,zxi,petrol,10000,3,545000.0
2019,Kolhapur,zxi,petrol,52000,1,590000.0
2019,Latur,lxi,cng,151000,1,530000.0
2019,Mumbai,lxi,cng,11000,2,450000.0
2019,Mumbai,lxi,cng,20000,1,500000.0
2019,Mumbai,lxi,cng,25000,1,491000.0
2019,Mumbai,lxi,cng,50000,1,230000.0
2019,Mumbai,lxi,cng,59000,1,470000.0
2019,Mumbai,lxi,cng,61000,2,512500.0
2019,Mumbai,lxi,cng,175000,1,200000.0
2019,Mumbai,lxi,diesel,72000,1,475000.0
2019,Mumbai,lxi,petrol,42000,4,375000.0
2019,Mumbai,lxi,petrol,56000,1,383000.0
2019,Mumbai,vxi,cng,71000,1,425000.0
2019,Mumbai,vxi,cng,78000,1,421000.0
2019,Mumbai,vxi,petrol,14000,2,477555.5
2019,Mumbai,vxi,petrol,22000,1,550000.0
2019,Mumbai,vxi,petrol,54000,1,540000.0
2019,Mumbai,zxi,petrol,14000,1,460000.0
2019,Nagpur,vxi,cng,54000,1,520000.0
2019,Nagpur,vxi,petrol,44000,1,490000.0
2019,Nashik,lxi,petrol,74000,1,490000.0
2019,Osmanabad,zxi,petrol,71000,1,485000.0
2019,Parbhani,zxi,cng,46000,1,489000.0
2019,Pune,lxi,cng,55000,1,485000.0
2019,Pune,lxi,cng,60000,1,499999.0
2019,Pune,lxi,cng,64000,1,590000.0
2019,Pune,lxi,cng,75000,1,499000.0
2019,Pune,lxi,cng,80000,2,472713.0
2019,Pune,lxi,cng,100000,1,495000.0
2019,Pune,lxi,petrol,61000,1,495000.0
2019,Pune,vxi,cng,68000,1,530000.0
2019,Pune,vxi,petrol,5000,1,410000.0
2019,Pune,vxi,petrol,55000,2,495000.0
2019,Pune,vxi,petrol,68000,1,530000.0
2019,Pune,zxi,petrol,71000,1,499700.0
2019,Ratnagiri,lxi,cng,90000,1,485000.0
2019,Sangli,lxi,cng,36000,1,450000.0
2019,Sangli,lxi,cng,65000,1,449999.0
2019,Sangli,vxi,cng,79000,1,550000.0
2019,Sangli,vxi,petrol,80000,2,487500.0
2019,Sangli,vxi,petrol,84000,1,490000.0
2019,Sangli,zxi,cng,800000,1,530000.0
2019,Satara,lxi,petrol,68000,1,530000.0
2019,Thane,lxi,cng,39000,1,495000.0
2019,Thane,lxi,cng,58000,1,475000.0
2019,Thane,lxi,cng,68000,1,439999.0
2019,Thane,lxi,cng,74000,1,490000.0
2019,Thane,lxi,cng,88000,2,422500.0
2019,Thane,lxi,cng,197000,1,240000.0
2019,Thane,vxi,cng,90000,1,510000.0
2019,Thane,zxi,cng,40000,1,525000.0
2019,Thane,zxi,cng,60000,1,484000.0
2019,Thane,zxi,cng,210000,1,180000.0
2020,Ahmednagar,vxi,cng,46000,1,551000.0
2020,Aurangabad,zxi,petrol,43000,1,470000.0
2020,Kolhapur,lxi,cng,57000,2,550000.0
2020,Kolhapur,lxi,cng,68000,1,575000.0
2020,Kolhapur,lxi,cng,87000,3,575000.0
2020,Kolhapur,lxi,cng,690000,1,575000.0
2020,Kolhapur,lxi,diesel,57000,1,550000.0
2020,Kolhapur,lxi,petrol,54000,1,525000.0
2020,Kolhapur,vxi,cng,60000,1,530000.0
2020,Kolhapur,vxi,cng,69000,1,571000.0
2020,Kolhapur,vxi,cng,78000,1,550000.0
2020,Kolhapur,vxi,petrol,14000,2,551000.0
2020,Mumbai,lxi,cng,6000,1,477000.0
2020,Mumbai,lxi,cng,29000,1,515000.0
2020,Mumbai,lxi,cng,41000,2,512000.0
2020,Mumbai,lxi,cng,46000,1,550000.0
2020,Mumbai,lxi,cng,48000,2,490000.0
2020,Mumbai,lxi,cng,73000,1,536000.0
2020,Mumbai,lxi,cng,81000,1,505000.0
2020,Mumbai,lxi,petrol,29000,1,525000.0
2020,Mumbai,vxi,petrol,30000,3,479000.0
2020,Mumbai,zxi,petrol,7000,1,599000.0
2020,Mumbai,zxi,petrol,26000,2,510000.0
2020,Mumbai,zxi,petrol,51000,1,485000.0
2020,Nagpur,vxi,petrol,30000,1,500000.0
2020,Nagpur,vxi,petrol,67000,1,490000.0
2020,Nashik,vxi,petrol,36000,2,535000.0
2020,Osmanabad,lxi,cng,50000,1,521000.0
2020,Pune,lxi,cng,34000,1,499000.0
2020,Pune,lxi,cng,45000,1,550000.0
2020,Pune,lxi,cng,53000,1,600000.0
2020,Pune,lxi,cng,55000,1,555555.0
2020,Pune,lxi,cng,73000,1,470000.0
2020,Pune,lxi,cng,75000,1,550000.0
2020,Pune,lxi,cng,99000,1,485000.0
2020,Pune,lxi,cng,125000,1,450000.0
2020,Pune,vxi,cng,46000,1,499000.0
2020,Pune,vxi,cng,80000,1,549000.0
2020,Pune,vxi,cng,115000,1,550000.0
2020,Pune,vxi,petrol,67000,2,520000.0
2020,Pune,zxi,petrol,29000,1,559000.0
2020,Pune,zxi,petrol,35000,1,440000.0
2020,Pune,zxi,petrol,67000,2,522500.0
2020,Raigad,lxi,cng,160000,1,480000.0
2020,Sangli,lxi,cng,101000,1,535000.0
2020,Sangli,vxi,petrol,82000,1,515000.0
2020,Satara,lxi,cng,76000,1,559999.0
2020,Sindhudurg,zxi,petrol,23000,1,550000.0
2020,Thane,lx minor,cng,97000,1,600000.0
2020,Thane,lxi,cng,33000,1,498000.0
2020,Thane,lxi,cng,41000,1,495000.0
2020,Thane,lxi,cng,48000,1,490000.0
2020,Thane,lxi,cng,52000,2,492500.0
2020,Thane,lxi,cng,57000,1,509000.0
2020,Thane,lxi,cng,58000,1,520000.0
2020,Thane,lxi,cng,71000,1,500000.0
2020,Thane,lxi,cng,72000,1,485000.0
2020,Thane,lxi,cng,85000,1,495000.0
2020,Thane,lxi,cng,87000,1,511000.0
2020,Thane,lxi,cng,91000,1,495000.0
2020,Thane,lxi,petrol,75000,1,525000.0
2020,Thane,vxi,cng,54000,1,525000.0
2020,Thane,vxi,petrol,50000,1,425000.0
2020,Thane,zxi,petrol,62000,1,555000.0
2020,Thane,zxi,petrol,72000,1,499000.0
2021,Kolhapur,lxi,cng,32000,1,560000.0
2021,Kolhapur,lxi,cng,41000,1,575000.0
2021,Kolhapur,lxi,cng,42000,1,625000.0
2021,Kolhapur,lxi,cng,74000,1,600000.0
2021,Kolhapur,lxi,cng,86000,2,620000.0
2021,Kolhapur,lxi,cng,96000,1,575000.0
2021,Kolhapur,vxi,cng,6000,1,490000.0
2021,Kolhapur,vxi,cng,42000,1,621000.0
2021,Kolhapur,vxi,cng,74000,1,600000.0
2021,Kolhapur,vxi,cng,96000,1,580000.0
2021,Kolhapur,vxi,petrol,26000,1,575000.0
2021,Kolhapur,vxi,petrol,29000,1,590000.0
2021,Kolhapur,zxi,petrol,25000,1,610000.0
2021,Kolhapur,zxi,petrol,39000,4,618750.0
2021,Kolhapur,zxi,petrol,50000,1,595000.0
2021,Latur,lxi,cng,77000,1,550000.0
2021,Mumbai,lxi,cng,29000,2,528893.0
2021,Mumbai,lxi,cng,39000,1,575000.0
2021,Mumbai,lxi,cng,50000,1,499000.0
2021,Mumbai,lxi,cng,58000,2,566000.0
2021,Mumbai,lxi,cng,63000,2,550000.0
2021,Mumbai,lxi,cng,68000,1,529000.0
2021,Mumbai,lxi,cng,78000,1,565000.0
2021,Mumbai,lxi,cng,79000,6,566666.6666666666
2021,Mumbai,lxi,cng,90000,1,525000.0
2021,Mumbai,vxi,petrol,13000,1,505000.0
2021,Mumbai,vxi,petrol,25000,1,473724.0
2021,Mumbai,vxi,petrol,26000,1,490000.0
2021,Mumbai,vxi,petrol,38000,1,539000.0
2021,Osmanabad,lxi,cng,110000,1,600000.0
2021,Pune,lxi,cng,25000,1,550000.0
2021,Pune,lxi,cng,32000,1,550000.0
2021,Pune,lxi,cng,38000,2,595000.0
2021,Pune,lxi,cng,40000,1,590000.0
2021,Pune,lxi,cng,44000,2,530000.0
2021,Pune,lxi,cng,50000,1,525000.0
2021,Pune,lxi,cng,53000,2,512000.0
2021,Pune,lxi,cng,60000,1,500000.0
2021,Pune,lxi,cng,63000,1,515000.0
2021,Pune,lxi,cng,71000,1,550000.0
2021,Pune,lxi,cng,76000,1,471000.0
2021,Pune,lxi,cng,80000,1,550000.0
2021,Pune,lxi,cng,82000,1,549999.0
2021,Pune,lxi,cng,84000,1,495000.0
2021,Pune,lxi,cng,109000,1,525000.0
2021,Pune,vxi,cng,79000,2,575000.0
2021,Pune,vxi,cng,119000,1,545000.0
2021,Pune,vxi,petrol,23000,2,530000.0
2021,Pune,vxi,petrol,30000,1,565000.0
2021,Pune,vxi,petrol,51000,1,500000.0
2021,Pune,vxi,petrol,79000,1,489000.0
2021,Raigad,lxi,cng,80000,1,510000.0
2021,Raigad,lxi,cng,113000,1,550000.0
2021,Satara,lxi,cng,39000,1,550000.0
2021,Thane,lxi,cng,26000,1,575000.0
2021,Thane,lxi,cng,35000,1,550000.0
2021,Thane,lxi,cng,37000,1,575000.0
2021,Thane,lxi,cng,45000,1,550000.0
2021,Thane,lxi,cng,53000,1,550000.0
2021,Thane,lxi,cng,54000,2,503500.0
2021,Thane,lxi,cng,55000,1,539000.0
2021,Thane,lxi,cng,65000,1,510000.0
2021,Thane,lxi,cng,66000,1,535000.0
2021,Thane,lxi,cng,68000,3,525000.0
2021,Thane,lxi,cng,75000,1,568000.0
2021,Thane,lxi,cng,89000,2,532500.0
2021,Thane,lxi,cng,92000,1,575000.0
2021,Thane,lxi,cng,95000,2,472500.0
2021,Thane,lxi,cng,98000,1,550000.0
2021,Thane,lxi,petrol,75000,1,575000.0
2021,Thane,vxi,cng,59000,1,525000.0
2021,Thane,vxi,petrol,46000,1,551000.0
2021,Thane,vxi,petrol,48000,1,435000.0
2021,Thane,vxi,petrol,60000,1,495000.0
2021,Thane,zxi,cng,20000,1,350000.0
2021,Thane,zxi,petrol,43000,1,464000.0
2022,Ahmednagar,vxi,cng,47000,1,560000.0
2022,Aurangabad,zxi,petrol,34000,1,625000.0
2022,Jalna,vxi,petrol,35000,1,590000.0
2022,Kolhapur,vxi,cng,42000,1,590000.0
2022,Kolhapur,vxi,cng,55000,2,635000.0
2022,Kolhapur,vxi,petrol,12000,4,624000.0
2022,Kolhapur,vxi,petrol,32000,1,525000.0
2022,Kolhapur,zxi,petrol,45000,1,620000.0
2022,Latur,lxi,cng,120000,2,540000.0
2022,Mumbai,lxi,cng,6000,1,567000.0
2022,Mumbai,lxi,cng,80000,2,370000.0
2022,Mumbai,lxi,cng,88000,1,450000.0
2022,Mumbai,lxi,cng,180000,1,250000.0
2022,Mumbai,lxi,petrol,5000,1,599000.0
2022,Mumbai,lxi,petrol,16000,1,610000.0
2022,Mumbai,lxi,petrol,110000,1,425000.0
2022,Mumbai,vxi,cng,13000,1,589000.0
2022,Mumbai,vxi,cng,57000,1,625000.0
2022,Mumbai,vxi,cng,157000,1,425000.0
2022,Mumbai,vxi,petrol,19000,1,575000.0
2022,Mumbai,zxi,petrol,13000,1,613000.0
2022,Mumbai,zxi,petrol,16000,1,545000.0
2022,Nagpur,vxi,petrol,2000,3,550000.0
2022,Nanded,lxi,cng,60000,1,590000.0
2022,Nashik,lxi,cng,67000,1,595000.0
2022,Palghar,lxi,cng,26000,1,529999.0
2022,Palghar,vxi,cng,57000,1,625000.0
2022,Parbhani,vxi,cng,85000,1,599000.0
2022,Pune,lxi,cng,18000,1,559000.0
2022,Pune,vxi,cng,1000,1,15000.0
2022,Pune,vxi,cng,45000,1,581000.0
2022,Pune,vxi,cng,59000,1,625000.0
2022,Pune,zxi,petrol,22000,1,592000.0
2022,Pune,zxi,petrol,39000,1,527000.0
2022,Pune,zxi,petrol,50000,1,457000.0
2022,Ratnagiri,vxi,cng,33000,1,625000.0
2022,Sangli,vxi,cng,42000,1,700000.0
2022,Thane,lxi,cng,3000,1,578000.0
2022,Thane,lxi,cng,11000,1,549000.0
2022,Thane,lxi,cng,34000,1,575000.0
2022,Thane,lxi,cng,55000,2,575000.0
2022,Thane,lxi,cng,56000,1,615000.0
2022,Thane,lxi,cng,59000,1,579000.0
2022,Thane,vxi,cng,4000,1,600000.0
2022,Thane,vxi,cng,42000,1,560000.0
2022,Thane,vxi,petrol,18000,1,500000.0
2022,Thane,vxi,petrol,30000,2,492000.0
2022,Thane,zxi,petrol,14000,2,511000.0
2022,Thane,zxi,petrol,24000,2,542000.0
2023,Aurangabad,zxi,petrol,13000,1,635000.0
2023,Kolhapur,vxi,cng,15000,1,675000.0
2023,Kolhapur,vxi,cng,30000,1,640000.0
2023,Mumbai,lxi,cng,28000,1,490000.0
2023,Mumbai,lxi,cng,40000,1,510000.0
2023,Mumbai,lxi,cng,68000,1,525000.0
2023,Mumbai,lxi,cng,69000,1,490000.0
2023,Mumbai,lxi,cng,75000,1,480000.0
2023,Mumbai,lxi,cng,93000,1,510000.0
2023,Mumbai,lxi,cng,95000,1,495000.0
2023,Mumbai,lxi,cng,133000,1,190000.0
2023,Mumbai,lxi,petrol,9000,2,635000.0
2023,Mumbai,lxi,petrol,39000,1,570000.0
2023,Mumbai,vxi,cng,14000,1,645000.0
2023,Mumbai,vxi,cng,90000,1,550000.0
2023,Mumbai,vxi,petrol,30000,1,599000.0
2023,Mumbai,zxi,cng,70000,1,600000.0
2023,Nagpur,vxi,petrol,1000,1,40000.0
2023,Nagpur,vxi,petrol,23000,1,700000.0
2023,Nagpur,vxi,petrol,24000,1,620000.0
2023,Nashik,vxi,cng,70000,2,665000.0
2023,Nashik,zxi,petrol,32000,1,625000.0
2023,Pune,lxi,cng,36000,1,541000.0
2023,Pune,lxi,cng,39000,2,547000.0
2023,Pune,lxi,cng,41000,1,541000.0
2023,Pune,lxi,cng,50000,1,550000.0
2023,Pune,lxi,cng,78000,1,520000.0
2023,Pune,lxi,cng,530000,1,590000.0
2023,Pune,lxi,petrol,66000,1,551000.0
2023,Pune,vxi,cng,100000,1,550000.0
2023,Pune,zxi,petrol,14000,1,638000.0
2023,Ratnagiri,vxi,cng,39000,1,615000.0
2023,Sangli,vxi,cng,30000,1,630000.0
2023,Sangli,vxi,petrol,25000,2,630000.0
2023,Satara,lxi,cng,69000,1,550000.0
2023,Sindhudurg,vxi,cng,30000,1,675000.0
2023,Thane,ax minor,cng,16000,1,575000.0
2023,Thane,lxi,cng,1000,1,450000.0
2023,Thane,lxi,cng,20000,1,35000.0
2023,Thane,lxi,cng,28000,1,598000.0
2023,Thane,lxi,cng,35000,2,612000.0
2023,Thane,lxi,cng,45000,1,589000.0
2023,Thane,lxi,cng,65000,1,610000.0
2023,Thane,lxi,cng,70000,1,550000.0
2023,Thane,lxi,cng,76000,1,580000.0
2023,Thane,lxi,petrol,70000,1,470000.0
2023,Thane,lxi,petrol,130000,1,520000.0
2023,Thane,vxi,cng,1000,1,650000.0
2023,Thane,vxi,cng,12000,2,639500.0
2023,Thane,vxi,cng,22000,3,646666.6666666666
2023,Thane,vxi,cng,28000,3,613333.3333333334
2023,Thane,vxi,cng,32000,2,631000.0
2023,Thane,vxi,cng,44000,1,550000.0
2023,Thane,zxi,petrol,7000,1,646000.0
2024,Mumbai,lxi,cng,39000,1,150000.0
2024,Mumbai,lxi,cng,41000,1,575000.0
2024,Mumbai,lxi,cng,43000,1,150000.0
2024,Mumbai,lxi,cng,51000,2,650000.0
2024,Mumbai,lxi,cng,67000,1,575000.0
2024,Mumbai,lxi,cng,96000,1,565000.0
2024,Mumbai,vxi,cng,1000,2,120000.0
2024,Mumbai,vxi,cng,23000,1,650000.0
2024,Mumbai,vxi,cng,26000,1,615000.0
2024,Mumbai,vxi,cng,131000,1,160000.0
2024,Mumbai,vxi,petrol,1000,1,669000.0
2024,Nagpur,lxi,cng,33000,1,640000.0
2024,Nagpur,zxi,petrol,2000,1,710000.0
2024,Pune,lxi,cng,46000,1,680000.0
2024,Pune,lxi,cng,56000,1,210000.0
2024,Pune,lxi,petrol,50000,1,180000.0
2024,Pune,lxi,petrol,360000,1,600000.0
2024,Pune,vxi,petrol,11000,2,693000.0
2024,Pune,zxi,petrol,3000,1,800000.0
2024,Raigad,zxi,petrol,6000,1,650000.0
2024,Satara,lxi,cng,1000,1,675000.0
2024,Thane,lxi,cng,14000,1,655000.0
2024,Thane,lxi,cng,20000,3,649000.0
2024,Thane,lxi,cng,32000,1,550000.0
2024,Thane,lxi,cng,35000,1,20000.0
2024,Thane,lxi,cng,40000,1,150000.0
2024,Thane,lxi,cng,43000,1,30000.0
2024,Thane,lxi,cng,87000,1,460000.0
2024,Thane,vxi,cng,20000,1,450000.0
2024,Thane,vxi,cng,24000,1,555000.0
2024,Thane,vxi,cng,40000,1,600000.0
2025,Mumbai,lxi,cng,1000,9,102777.77777777778
2025,Mumbai,vxi,cng,1000,10,104900.0
2025,Mumbai,zxi,cng,1000,1,80000.0
2025,Pune,lxi,cng,7000,1,690000.0
2025,Pune,vxi,cng,8000,1,650000.0
2025,Sangli,vxi,cng,4000,1,725000.0
2025,Thane,lxi,cng,1000,1,110000.0
